player.id,short_name,role,xD,danger_pass,minutes,xD_per_90,danger_pass_per_90,xD_rank,danger_pass_rank
808999,W. Alves,Forward,0.0015997481426837873,0,1.0,0.14397733284154085,0.0,1.0,130.5
828739,A. Agbinone,Midfielder,0.03005668667658838,4,5.0,0.11834820378906676,15.75,1.0,1.0
850716,C. Kporha,Defender,0.03798343339029394,4,2.0,0.10445444182330835,11.0,1.0,1.0
930030,H. Armstrong,Midfielder,0.09305651580702046,0,3.0,0.09013591087368325,0.0,2.0,158.5
443740,Carlos Vinícius,Forward,0.05069323519087931,6,5.0,0.07287152558688902,8.625,2.0,2.0
622113,Chiquinho,Forward,0.013493546574047693,2,6.0,0.06746773287023847,10.0,3.0,1.0
423316,L. Sinisterra,Forward,3.136171624915646,216,63.0,0.06685944516656409,4.604862833795417,4.0,4.0
739094,D. Jebbison,Forward,1.27736758388081,96,21.0,0.06292534192282058,4.729126447876448,5.0,3.0
645032,Youssef Chermiti,Forward,0.06383043006554365,4,11.0,0.06184328481137248,3.875473484848485,6.0,5.0
1046087,M. Mane,Forward,0.002349604573017191,0,1.0,0.05286610289288679,0.0,7.0,130.5
776649,J. Danns,Forward,0.005873134134271417,0,10.0,0.05285820720844276,0.0,8.0,130.5
851151,J. Robinson,Midfielder,0.28270423533818784,8,1.0,0.05086452456549549,1.439370712070112,3.0,8.0
536494,M. Mudryk,Forward,0.7821267754352476,42,46.0,0.04961098816471458,2.664096880916103,9.0,8.0
406051,J. Moder,Midfielder,0.13647097175499462,20,3.0,0.04873963276964094,7.142857142857143,4.0,2.0
656521,Carlos Forbs,Forward,1.6993984409752072,80,4.0,0.04371984675052081,2.0581328402505528,10.0,11.0
854404,H. Howell,Forward,0.023226007746339743,0,6.0,0.038710012910566236,0.0,11.0,130.5
247248,S. March,Midfielder,1.390324807437028,104,3.0,0.03798520729678777,2.8413947141951263,5.0,3.0
290954,K. Tierney,Defender,3.513500869696903,182,13.0,0.03616618363244115,1.8734150538781893,2.0,4.0
11066,R. Sterling,Forward,10.311244777140876,374,9.0,0.034603508569614264,1.2551066805946045,12.0,17.0
8501,J. Schlupp,Midfielder,1.0913352304546722,48,8.0,0.03208217333925893,1.4110644257703082,6.0,9.0
529349,Antony,Forward,0.8410244742425081,72,1.0,0.03186384827570995,2.7278600636651484,13.0,7.0
447804,F. Chiesa,Forward,0.3472398394298992,30,18.0,0.03020859408959746,2.60989010989011,14.0,9.0
434172,G. Hirst,Forward,5.882108987052151,260,31.0,0.029898628279127797,1.3215741785275945,15.0,16.0
213312,M. Almirón,Midfielder,0.9874703647588399,63,1.0,0.029631086980694464,1.8904450669156554,7.0,4.0
552926,S. Adingra,Forward,25.157243940471723,1450,43.0,0.02956226561334098,1.7038943232722277,16.0,14.0
825003,M. Moore,Forward,1.8866012968328105,90,1.0,0.028709224986867298,1.3695687865558774,17.0,15.0
653138,R. Sosa,Forward,3.4246180693488095,228,10.0,0.028388143819143744,1.8899908426855663,18.0,12.0
105333,Willian,Forward,3.6048082336395098,160,1.0,0.027956081744111166,1.2408352370361058,19.0,19.0
816545,C. Echeverri,Forward,0.006517564977167322,0,7.0,0.02793242133071709,0.0,20.0,130.5
818118,M. Godo,Forward,0.08130611011815533,2,15.0,0.02737858810101149,0.673469387755102,21.0,40.0
471753,João Félix,Forward,4.381927783134919,204,22.0,0.02666123853425255,1.241210017636673,22.0,18.0
173214,T. Werner,Forward,10.198186858794912,288,12.0,0.02566426805060047,0.7247669905360355,23.0,36.0
865755,C. Obi,Forward,0.21772023353934694,28,1.0,0.024252849144263986,3.119047619047619,24.0,6.0
356000,C. Chaplin,Forward,10.445083052812087,770,65.0,0.02385881823400132,1.7588457599899112,25.0,13.0
453315,A. Grønbæk,Midfielder,0.11676485556158019,8,70.0,0.022875681733416163,1.567299107142857,8.0,7.0
729649,A. Fatawu,Forward,4.651577308877027,132,90.0,0.022239963688125124,0.631113923707148,26.0,44.0
62224,R. Fraser,Midfielder,1.1720374576599246,48,26.0,0.020537069847096776,0.8410817813185256,9.0,20.0
424949,R. Sessegnon,Midfielder,6.620054970161971,400,4.0,0.02027908034851883,1.2253119008782292,10.0,11.0
824994,J. King,Midfielder,0.8825487952221763,48,13.0,0.020008019756522052,1.0881947304355986,11.0,13.0
9683,C. Townsend,Defender,0.7006560493740817,36,1.0,0.019737723967659132,1.0141324883592924,3.0,6.0
932310,O. Aluko,Midfielder,0.001243821833867529,0,2.0,0.018657327508012935,0.0,12.0,158.5
776849,S. Amo-Ameyaw,Midfielder,0.04673151108628772,2,10.0,0.01855515881367307,0.7941176470588235,13.0,22.0
303357,P. Billing,Midfielder,1.9006185269931137,140,6.0,0.018200270691286942,1.3406361458610594,14.0,10.0
8140,A. Lallana,Midfielder,4.0956491767548675,252,8.0,0.017915630629458876,1.1023255957193163,15.0,12.0
365446,D. Malen,Forward,2.586732344567105,126,25.0,0.017497056484049634,0.8522834307231749,27.0,29.0
745929,E. Nwaneri,Midfielder,21.38517798488806,832,4.0,0.0174777435020075,0.6799794981339902,16.0,30.0
528194,J. McAtee,Midfielder,2.641999457071213,120,1.0,0.017232908591833157,0.7827212172527858,17.0,23.0
803390,Luis Guilherme,Forward,0.9882815070533313,144,4.0,0.016883071365928974,2.4599896480331265,28.0,10.0
764067,E. da Silva Moreira,Midfielder,0.00432040071705341,0,1.0,0.016801558344096596,0.0,18.0,158.5
350976,B. Chilwell,Defender,0.870484817771245,64,30.0,0.016659914678865618,1.2248743661921002,4.0,5.0
274435,E. Ünal,Forward,3.0280619059820313,204,7.0,0.016392431222099074,1.1043552189940118,29.0,21.0
8286,M. Luongo,Midfielder,0.7180784203454904,0,65.0,0.015851022779098434,0.0,19.0,158.5
285506,T. Awoniyi,Forward,4.3719233018974,234,17.0,0.01583509266991795,0.8475472758528642,30.0,30.0
8392,N. Clyne,Defender,2.3713904150340332,117,90.0,0.015641712148729104,0.7717330346783242,5.0,9.0
347202,O. Édouard,Forward,0.4251393739225062,30,44.0,0.015319615697208487,1.0810301258994366,31.0,22.0
8955,D. Ings,Forward,2.742641698219606,180,5.0,0.014997760604435533,0.9843053544146313,32.0,24.0
388267,L. Bailey,Forward,18.073455899430773,720,74.0,0.014627118768353204,0.5827067923155749,33.0,47.0
347200,C. Nkunku,Forward,16.164925066189006,945,59.0,0.01458626720749879,0.8527118099617667,34.0,28.0
623374,T. Iroegbunam,Midfielder,3.2841275230574856,234,90.0,0.014563051067930198,1.037643613401189,20.0,16.0
225947,Adama Traoré,Forward,51.06049539093937,3348,79.0,0.014450940098253155,0.9475377604255842,35.0,25.0
544911,N. Patterson,Defender,1.8298711799943526,110,17.0,0.014441238524278758,0.868113698405571,6.0,7.0
346158,E. Nketiah,Forward,11.135474631516583,870,90.0,0.014234537428330401,1.11212570388307,36.0,20.0
447195,H. Clarke,Defender,1.20905225172316,28,27.0,0.014226980208576373,0.32947744423154257,7.0,30.0
346125,D. Brooks,Midfielder,22.885002344109232,1711,9.0,0.013850892766592227,1.0355636922073364,21.0,17.0
340386,Gabriel Jesus,Forward,7.184834154949005,374,5.0,0.013608829347763089,0.70839522058523,37.0,39.0
1050460,J. Monga,Forward,0.3873036732443096,21,18.0,0.013607864761909465,0.7378322999271925,38.0,34.0
249041,W. Burns,Midfielder,7.25336588492162,324,57.0,0.013523814691470598,0.6040941584299829,22.0,34.0
532949,D. McNeil,Midfielder,19.74539462094388,1302,90.0,0.013369097065184746,0.8815505951148452,23.0,19.0
786541,M. Amougou,Midfielder,0.008214868970966458,0,7.0,0.013202467989053236,0.0,24.0,158.5
8944,B. Mee,Defender,0.5311849726040698,14,1.0,0.013173727393560338,0.3472089630203361,8.0,28.0
606741,J. Philogene,Midfielder,7.541804531635873,399,16.0,0.012913798409981131,0.6832059282322495,25.0,29.0
630651,B. Gruda,Forward,11.5323548874882,924,3.0,0.012589643172859813,1.0087124793864326,39.0,23.0
520221,T. Doyle,Midfielder,7.32255165393956,384,1.0,0.012567773657322237,0.6590633036798477,26.0,31.0
11669,C. Wilson,Forward,1.9122715795573335,108,22.0,0.012567109293144798,0.7097568243804698,40.0,38.0
8582,A. Cresswell,Defender,5.553286614943272,270,1.0,0.012355044346984081,0.6007004869349388,9.0,14.0
594968,Rodrigo Gomes,Midfielder,13.09240464864631,525,75.0,0.012231281399018443,0.49046931459979176,27.0,41.0
579610,G. Rutter,Forward,21.99300714846113,1596,1.0,0.0121512669401588,0.8817994695123094,41.0,27.0
275780,H. Reed,Midfielder,0.6105558653136594,36,-1.0,0.012094190401885743,0.7131056782891022,28.0,26.0
600189,J. Enciso,Forward,17.048580038748135,1050,11.0,0.01205765090380421,0.7426151280763249,42.0,33.0
566728,Welington,Defender,1.3968298539539614,70,81.0,0.011855953702232348,0.5941430567273784,10.0,15.0
397098,R. Nelson,Forward,6.825157101078631,480,3.0,0.011764572416462579,0.8273794546076603,43.0,31.0
770402,Marc Guiu,Forward,0.09605777348439777,6,23.0,0.011584898014094248,0.7236206458174422,44.0,37.0
21315,Jorginho,Midfielder,7.713453972014113,390,90.0,0.011486690617600962,0.5807786443165385,29.0,36.0
525621,J. Sarmiento,Midfielder,0.006063514753471249,0,8.0,0.01136909016275859,0.0,30.0,158.5
681063,M. Tel,Forward,6.165647006531846,247,90.0,0.011198950814203136,0.44863756361299034,45.0,57.0
616591,E. Ferguson,Forward,2.5937717628696273,105,5.0,0.011163974343069698,0.45193541035601065,46.0,56.0
543978,D. Núñez,Forward,14.289301210056664,1200,18.0,0.01114879885259826,0.9362640220434446,47.0,26.0
336242,R. Henry,Defender,0.1582474851273139,10,2.0,0.011114401006957677,0.702342978658768,11.0,12.0
856213,Y. Minteh,Forward,49.60842000550225,2112,47.0,0.011011887812609028,0.468813702545873,48.0,55.0
192755,B. De Cordova-Reid,Forward,6.8268795425903335,391,77.0,0.011006025190474313,0.6303547356634078,49.0,45.0
514484,Fábio Carvalho,Midfielder,5.73196938812945,247,7.0,0.010818229340274804,0.46617531708763726,31.0,44.0
689107,Renato Veiga,Defender,0.49991852028311434,21,10.0,0.010732740112368116,0.4508485547446586,12.0,20.0
346159,J. Willock,Midfielder,22.021055211811248,1504,21.0,0.01067570365396866,0.7291321029410484,32.0,25.0
576405,J. Clarke,Midfielder,18.630133693005046,1824,10.0,0.010669218494618772,1.0445794353849123,33.0,14.0
275785,M. Harness,Midfielder,0.08099504125093851,8,25.0,0.010550669847161727,1.0421052631578946,34.0,15.0
496823,Pedro Neto,Forward,64.90769789608751,4060,31.0,0.010490502960563081,0.6561847577474078,50.0,41.0
779565,L. Bergvall,Midfielder,17.07518207454418,945,12.0,0.010393310405747362,0.5752019680114272,35.0,37.0
607630,Igor Thiago,Forward,0.5673922331639448,40,20.0,0.010305130151685356,0.726490744804238,51.0,35.0
54,C. Eriksen,Midfielder,19.37299501846757,1541,4.0,0.01028801372617132,0.8183468347004234,36.0,21.0
419219,F. Onyeka,Midfielder,0.013602058496139253,0,7.0,0.010287271131533889,0.0,37.0,158.5
445111,A. Irving,Midfielder,1.0556399727637966,80,17.0,0.01011117342132525,0.7662592309651134,38.0,24.0
345621,Diogo Jota,Forward,16.496097164185617,962,79.0,0.010075408368310912,0.5875658195902486,52.0,46.0
532621,A. Broja,Forward,1.2485153695854805,100,7.0,0.009877966627706012,0.7911770145837769,53.0,32.0
619727,S. Edozie,Forward,0.1869411217931757,10,44.0,0.009684449825515454,0.518048128342246,54.0,50.0
542200,R. Calafiori,Defender,11.500615024151447,551,11.0,0.009659211033365636,0.4627774487023276,13.0,19.0
790219,J. Meghoma,Defender,0.0008576327769546706,0,4.0,0.009648368740740045,0.0,14.0,177.5
580990,Beto,Forward,12.36198684666111,660,14.0,0.009639761602390008,0.5146618206680753,55.0,51.0
364860,Rodri,Midfielder,0.2847100100600006,21,44.0,0.009635104786267456,0.7106782106782107,39.0,27.0
677949,Y. Ayari,Midfielder,36.284658969460594,2244,1.0,0.009528463098458284,0.5892813051084949,40.0,35.0
281135,M. Targett,Defender,0.028375541059721645,0,12.0,0.00950073919410323,0.0,15.0,177.5
447536,W. Smallbone,Midfielder,5.610917525978484,414,90.0,0.009366041954122415,0.691070818819508,41.0,28.0
8221,J. Ward,Defender,0.018284844316575146,4,2.0,0.009206723081395734,2.0140664961636827,16.0,3.0
282267,H. Wilson,Forward,19.063338559324617,1025,11.0,0.009064786586798297,0.4873965922891018,56.0,53.0
448708,H. Barnes,Forward,47.414109093232646,2178,20.0,0.009064744306544848,0.41639531939391805,57.0,59.0
700018,M. Kayode,Defender,2.619177128560189,204,14.0,0.009061534369250503,0.7057762497885308,17.0,11.0
487061,L. Kelly,Defender,0.7525985884185107,60,20.0,0.008870580531433187,0.7071961601793785,18.0,10.0
396912,J. Bellegarde,Midfielder,30.671206406967272,1750,57.0,0.00879856547260825,0.5020177352256593,42.0,40.0
735759,N. O'Reilly,Midfielder,3.3243433182690314,108,17.0,0.008728919575525067,0.2835818156855046,43.0,68.0
376353,P. Daka,Forward,3.918195919527293,230,11.0,0.008579033033029378,0.5035933981154289,58.0,52.0
535839,C. Summerville,Forward,8.868808878269743,665,16.0,0.008541803709072841,0.6404805362816247,59.0,42.0
241564,O. Zinchenko,Defender,8.434705497483288,450,69.0,0.008329143737398717,0.44436817419977137,19.0,21.0
38021,K. De Bruyne,Midfielder,68.69474467332121,3528,90.0,0.008272737273139008,0.4248682666837161,44.0,50.0
419213,C. Gakpo,Forward,59.995610603131105,3815,11.0,0.008187821753116355,0.5206470885806551,60.0,49.0
9624,T. Cairney,Midfielder,18.285962092423322,1400,26.0,0.00813960421929645,0.6231800027484834,45.0,33.0
443660,R. Stewart,Forward,1.2824955857308655,48,26.0,0.007938783013276683,0.2971250652844332,61.0,77.0
339789,Mikel Merino,Midfielder,26.524159012615208,1400,29.0,0.007850764998092624,0.4143796224454162,46.0,52.0
822917,J. Acheampong,Defender,0.23176832315791454,20,90.0,0.007443916740404825,0.6423584240485649,20.0,13.0
14705,N. Füllkrug,Forward,7.131658868409496,468,16.0,0.007408081796552246,0.4861396688705693,62.0,54.0
536067,N. Madueke,Forward,54.24945704698664,2560,90.0,0.00734526617516513,0.3466187945832579,63.0,64.0
257899,J. Gomez,Defender,2.040644808472549,234,1.0,0.007309346992183283,0.8381601683299001,21.0,8.0
551573,I. Maatsen,Defender,27.218298663230915,2146,16.0,0.0072429186809161075,0.5710608029385522,22.0,16.0
4015,Pablo Sarabia,Forward,12.627767976470333,782,6.0,0.0072167538818516215,0.4469120390969853,64.0,58.0
622236,D. Scarlett,Forward,0.012643656741778045,0,12.0,0.007149686848029252,0.0,65.0,130.5
657854,W. Odobert,Forward,8.182076016196966,352,65.0,0.007114728136208114,0.3060817693440711,66.0,74.0
589103,Matheus Nunes,Midfielder,38.895453300877556,2028,1.0,0.006988646740000998,0.364386435583777,47.0,57.0
543793,J. Zirkzee,Forward,19.72320169975815,1536,29.0,0.006964497085357372,0.5423798674248764,67.0,48.0
527201,C. Archer,Forward,12.633142088978166,665,19.0,0.006919679493317972,0.36424721820164785,68.0,61.0
51064,E. Krafth,Defender,0.7720881186029086,36,60.0,0.00687144566060027,0.32039353775995,23.0,33.0
365880,D. Kamada,Midfielder,26.214528736550477,1870,70.0,0.006810775420172175,0.48584318122660614,48.0,42.0
537185,J. Araujo,Defender,1.9086622667744682,96,27.0,0.006768506187185072,0.3404356052303862,24.0,29.0
508830,B. Gilmour,Midfielder,0.1330961066153359,6,8.0,0.006580333741572369,0.2966428053642624,49.0,67.0
769918,Andrés García,Defender,1.8022847793412329,63,46.0,0.0065677859422772905,0.22958109567718246,25.0,47.0
646204,C. Alcaraz,Midfielder,7.439472167796831,512,10.0,0.0064905964854038095,0.44669639533188793,50.0,48.0
488326,Rodrigo Muniz,Forward,6.889550631821516,341,79.0,0.006482596279613533,0.3208576944246605,69.0,70.0
8246,R. Barkley,Midfielder,8.651811301888289,620,14.0,0.006408775564375837,0.4592611548342255,51.0,46.0
447223,J. Sancho,Forward,54.95046306410966,2914,44.0,0.006408741374418586,0.33985286608536686,70.0,66.0
420090,J. Harrison,Forward,39.296486499679254,2210,85.0,0.0063751941385147065,0.3585353374081548,71.0,62.0
343958,S. Mavididi,Forward,36.01532872590151,1830,19.0,0.006345759688677622,0.3224388237203121,72.0,69.0
482177,J. Kiwior,Defender,7.959116977295194,408,16.0,0.006322755353477602,0.32411688276197886,26.0,32.0
480608,M. O'Riley,Midfielder,11.022627778532032,777,34.0,0.006319907858086051,0.44549888687131556,52.0,49.0
816274,J. Sanda,Defender,0.011083068857701665,0,8.0,0.006234226232457186,0.0,27.0,177.5
5910,Álex Moreno,Defender,6.48596021787607,435,81.0,0.00622888234422892,0.41775831622767334,28.0,23.0
745926,M. Lewis-Skelly,Midfielder,15.763294291320118,874,1.0,0.006210614179872278,0.3443491374894448,53.0,61.0
361163,M. Jensen,Midfielder,12.481316045058902,1056,83.0,0.006204503315116329,0.5249410780970192,54.0,39.0
248276,Daniel Podence,Forward,0.038583557449192646,0,15.0,0.006200928875763104,0.0,73.0,130.5
614647,Danilo,Midfielder,0.6021180614353906,96,14.0,0.006191387276538928,0.9871372686127527,55.0,18.0
237034,Gonçalo Guedes,Forward,17.80752730367193,986,15.0,0.006077048613193232,0.3364852306795552,74.0,67.0
346139,M. Mount,Midfielder,5.978209645532523,476,61.0,0.006063653479555239,0.4828032517101849,56.0,43.0
698840,Dango Ouattara,Forward,44.43654083393805,2624,69.0,0.006045682993039593,0.35700060976888615,75.0,63.0
522222,K. Schade,Forward,38.00564757181857,1938,74.0,0.006026570103250625,0.30730940284675295,76.0,73.0
540839,C. Doucouré,Midfielder,2.337842664050106,247,6.0,0.005989940162774958,0.6328549148993136,57.0,32.0
95349,W. Endo,Midfielder,3.4816793893884164,220,-1.0,0.005980091520920284,0.37786940940405234,58.0,56.0
627131,J. Hill,Defender,1.8572972790974627,110,6.0,0.0059665825876196845,0.3533758930380279,29.0,27.0
351803,N. Broadhead,Midfielder,5.402905519238696,378,11.0,0.005859707095819378,0.4099589145752503,59.0,53.0
397174,S. McTominay,Midfielder,0.007036215926673575,2,6.0,0.005825438510720005,1.6558441558441557,60.0,6.0
258340,R. Manning,Defender,16.79960316226206,816,74.0,0.0057734341689874204,0.2804305694837249,30.0,36.0
449240,J. Lindstrøm,Midfielder,17.368373172073376,1375,34.0,0.005765487482303598,0.45643568396573575,61.0,47.0
600432,J. Durán,Forward,4.6876500019506215,300,28.0,0.005751312797320949,0.3680722405636758,77.0,60.0
654893,A. Wharton,Midfielder,18.859735655278826,1200,74.0,0.005723812977333104,0.36419256867352834,62.0,58.0
579022,Ali Al Hamadi,Forward,0.5829939790637146,66,16.0,0.005630773789898874,0.6374526727191304,78.0,43.0
8981,W. Hughes,Midfielder,34.27316859163419,2838,84.0,0.005614278598214972,0.4648920224324777,63.0,45.0
9164,C. Taylor,Defender,0.9457144335925843,40,14.0,0.005602307278550203,0.2369555578111728,31.0,46.0
730424,N. Djiga,Defender,0.09447250389478742,5,17.0,0.005507114645978344,0.29146653359116714,32.0,35.0
83150,V. Coufal,Defender,10.03139321754826,770,85.0,0.005479543490617374,0.4206044361210467,33.0,22.0
386328,T. Tomiyasu,Defender,0.0012082241745127995,1,5.0,0.005437008785307599,4.5,34.0,2.0
809491,F. Buonanotte,Midfielder,22.905022012532353,1457,71.0,0.005418917675481648,0.34470008580899236,64.0,60.0
448638,S. Longstaff,Midfielder,8.352737885861835,500,90.0,0.005394817348860375,0.3229370670179805,65.0,64.0
825591,J. Evans,Midfielder,0.011908839735687606,4,-8.0,0.005323091868463043,1.7879464285714286,66.0,5.0
810336,J. Devenny,Midfielder,5.057560887245573,368,74.0,0.005234516500211842,0.38087570570545376,67.0,55.0
500553,Omar Marmoush,Forward,12.507903512406711,496,74.0,0.005231930217674232,0.20747181055501238,79.0,99.0
419784,H. Choudhury,Midfielder,0.438115755466033,16,14.0,0.005183212725959749,0.18929107794158212,68.0,88.0
404216,B. Kamara,Midfielder,20.530569009738027,1378,8.0,0.005164892239220121,0.3466646005899543,69.0,59.0
8277,K. Walker,Defender,11.656161862082552,885,2.0,0.00511810088043656,0.3885944046402499,35.0,26.0
447205,P. Foden,Forward,48.53669012416201,2436,44.0,0.005109344372942544,0.2564320488407619,80.0,84.0
301047,O. Watkins,Forward,39.59483389116298,1976,62.0,0.005075649056851302,0.25330280621726803,81.0,87.0
807765,R. Trevitt,Midfielder,0.0010046366800696054,0,3.0,0.005023183400348027,0.0,70.0,158.5
524141,V. Jaroš,Goalkeeper,0.003329849833612551,0,10.0,0.004994774750418827,0.0,1.0,40.0
134717,L. Trossard,Forward,81.64621675996534,4294,10.0,0.004936272498021446,0.2596122018589057,82.0,82.0
639248,D. Mubama,Forward,0.0042752600462209476,0,26.0,0.00493299236102417,0.0,83.0,130.5
659056,K. Sulemana,Midfielder,16.245204127513247,546,12.0,0.004921946634073871,0.16542622924958636,71.0,101.0
566474,A. Elanga,Forward,60.15979486894874,3382,54.0,0.004901177674866566,0.2755292456117442,84.0,79.0
372752,Carlos Soler,Midfielder,20.62028407689092,1457,19.0,0.004853793523290142,0.3429621598355804,72.0,62.0
349687,Hwang Hee-Chan,Forward,7.401250474562375,357,90.0,0.00484270833277521,0.23358848355999925,85.0,89.0
344181,K. Tsimikas,Defender,9.746499890817269,666,11.0,0.0047509888499563105,0.32464562761161425,36.0,31.0
451472,P. Maghoma,Midfielder,0.8135884302682885,72,26.0,0.004720443694974586,0.41774432058491073,73.0,51.0
448079,I. Sarr,Forward,61.14669705586123,4142,6.0,0.004699054370247288,0.3183080058074632,86.0,71.0
781890,K. Nedeljković,Defender,0.12750961859913154,15,8.0,0.004697191349841972,0.5525690612340163,37.0,18.0
824351,J. Soler,Defender,0.048927657334593026,0,1.0,0.004659776889008859,0.0,38.0,177.5
8144,J. Ward-Prowse,Midfielder,14.496421766849279,1248,16.0,0.004626705176807314,0.3983140221444112,74.0,54.0
397178,M. Rashford,Forward,23.851617280473537,1625,90.0,0.004596233342570896,0.3131393185564909,87.0,72.0
555939,Gabriel Martinelli,Forward,62.77742657277925,2970,90.0,0.00457602613537694,0.21649179273561653,88.0,94.0
479831,J. Cajuste,Midfielder,19.007159993934756,1380,19.0,0.004572931075585066,0.33201408765544865,75.0,63.0
622200,J. Quansah,Defender,2.235200718871863,156,47.0,0.004548676831730538,0.31746302681403304,39.0,34.0
692543,A. Garnacho,Forward,58.434879762068554,3888,29.0,0.004477655578381714,0.29792351690691377,89.0,76.0
447357,R. James,Defender,11.887402553370435,532,53.0,0.004464736263303373,0.19981149636460682,40.0,53.0
284302,J. Maddison,Midfielder,54.61091197237449,3317,78.0,0.004451843836178895,0.2703995496737963,76.0,70.0
288091,Marco Asensio,Forward,7.223610199170647,494,27.0,0.004446169936990253,0.3040595890854351,90.0,75.0
520291,B. Saka,Forward,43.838612396589724,2550,80.0,0.00442797405894174,0.2575659500385968,91.0,83.0
69404,M. Kovačić,Midfielder,80.8398595002446,4061,90.0,0.004418934945802003,0.22198572493619487,77.0,81.0
472363,D. Kulusevski,Forward,65.64460970124286,3904,12.0,0.004418282664922625,0.26276301439463584,92.0,81.0
431967,L. Díaz,Forward,70.35878050676459,5184,90.0,0.0044122212652072034,0.32509027123679385,93.0,68.0
446423,B. White,Defender,11.726394588521993,697,90.0,0.004407891514653982,0.2619987211347168,41.0,42.0
470978,O. Skipp,Midfielder,9.216850347698358,552,19.0,0.004347278934000608,0.26035987143564626,78.0,72.0
589075,M. Wieffer,Midfielder,16.761961651031026,975,90.0,0.0043090159008928606,0.25064432140089743,79.0,74.0
579408,R. Højlund,Forward,16.70189642951995,1344,14.0,0.004270009953746049,0.34360729046860927,94.0,65.0
447963,B. Johnson,Defender,7.189496888743605,460,33.0,0.00426147771049155,0.2726588212167208,42.0,37.0
286380,I. Diop,Defender,5.8900602951858705,273,90.0,0.004229404163325921,0.19602979914003416,43.0,55.0
499655,Y. Sugawara,Defender,26.243940171023496,1500,46.0,0.004225401291246667,0.24150725445823246,44.0,45.0
471064,T. Lamptey,Defender,6.7468476397895145,435,9.0,0.004217420843695828,0.27191633262744314,45.0,39.0
286829,A. Armstrong,Forward,10.219176184001437,460,90.0,0.0042115302557494995,0.18957535155110672,95.0,102.0
783644,J. Simpson-Pusey,Defender,0.12272648504934067,12,90.0,0.004209501078425051,0.4115983026874116,46.0,24.0
447097,M. Aarons,Defender,0.11045672456826179,15,15.0,0.0041996688447135866,0.570314147164242,47.0,17.0
446705,M. Ugarte,Midfielder,21.024553758204448,1537,17.0,0.004185517273082987,0.3059822397523247,80.0,65.0
390766,C. Ogbene,Forward,0.3098383814029974,10,88.0,0.004160116128594911,0.13426729476694413,96.0,117.0
415953,Igor Julio,Defender,4.334177412664247,429,33.0,0.0041246628285824295,0.40826209566122745,48.0,25.0
8677,M. Antonio,Forward,5.487442216915714,280,74.0,0.0041001062510782,0.20921035792649503,97.0,98.0
731238,T. Dibling,Forward,27.416211423547857,1536,19.0,0.004064786582268221,0.2277306697817999,98.0,91.0
40756,Casemiro,Midfielder,26.95240093075775,2040,90.0,0.004037302016527529,0.30557931127824783,81.0,66.0
470680,J. Ramsey,Midfielder,31.613094993204452,1740,28.0,0.004024381494771762,0.22150389901425682,82.0,82.0
70381,Ricardo Pereira,Defender,1.9617702538088442,90,68.0,0.004007173060636285,0.18383680492507212,49.0,58.0
223794,J. McGinn,Midfielder,41.62655670712054,2652,62.0,0.003921084764082395,0.24980967961175926,83.0,75.0
134102,N. Aké,Defender,3.350456117094213,220,2.0,0.0039058289058328433,0.256467277663814,50.0,44.0
7945,D. Welbeck,Forward,27.17000784294711,1920,90.0,0.0038565094956238563,0.2725246998233713,99.0,80.0
549485,J. Doku,Forward,66.5653730673655,3132,90.0,0.0038423399277987356,0.18078781954225326,100.0,104.0
767330,L. Miley,Midfielder,2.751485852142511,112,10.0,0.003842104283612533,0.15639392782249925,84.0,105.0
112392,R. Jiménez,Forward,37.687767074768175,2888,11.0,0.0038099949252146763,0.29195853716116366,101.0,78.0
240445,Andreas Pereira,Midfielder,41.81473387611069,2673,91.0,0.0038084933148995674,0.2434573100689413,85.0,77.0
524163,B. Johnson,Forward,38.34548339783333,2145,78.0,0.003799134951433662,0.21251901785349936,102.0,96.0
534324,K. Mitoma,Midfielder,77.15600925881103,3960,89.0,0.0037960921847636645,0.19483284835584516,86.0,86.0
8945,K. Trippier,Defender,24.948908248825237,1350,32.0,0.003744176147617785,0.20259955862084733,51.0,52.0
609113,R. Lavia,Midfielder,6.626523849489215,368,67.0,0.0037261999303183344,0.20693226275233959,87.0,85.0
400575,M. Tavernier,Midfielder,41.728946849206984,2958,90.0,0.0037123456685510896,0.26315350174678104,88.0,71.0
450826,C. Hudson-Odoi,Forward,50.445042741603494,3534,73.0,0.0036377313682164365,0.254846501392185,103.0,85.0
478618,A. Gordon,Forward,66.33867701977888,3910,70.0,0.003632452972096622,0.21409668927620007,104.0,95.0
698931,L. Orford,Midfielder,0.05135246502472911,8,34.0,0.003613603391246409,0.5629491615650785,89.0,38.0
599817,João Pedro,Forward,37.3145795257184,2295,82.0,0.00361067399548373,0.22207129022916744,105.0,93.0
366720,J. Mateta,Forward,31.531462671191285,2220,46.0,0.0036071324938594658,0.253963294372778,106.0,86.0
767039,O. Scarles,Defender,4.980672273605003,195,17.0,0.003604086708981346,0.14110482875491004,52.0,70.0
375001,I. Sangaré,Midfielder,3.03273298067903,234,90.0,0.00355212199563195,0.2740750841809261,90.0,69.0
404757,J. Kluivert,Forward,57.672619118039115,3638,27.0,0.0035260024272054215,0.22242091700255465,107.0,92.0
333618,K. Ajer,Defender,11.81488406611775,768,90.0,0.003507517022837708,0.22799826544760213,53.0,48.0
413582,Y. Bissouma,Midfielder,16.375729504895155,812,72.0,0.003506685492101026,0.17388102427649765,91.0,97.0
767087,A. Gray,Midfielder,13.01927314788798,672,12.0,0.003498376409559558,0.18057144362205763,92.0,94.0
340706,G. Rodríguez,Midfielder,7.5829807562304365,529,85.0,0.003490104217626389,0.24347485381753148,93.0,76.0
583656,A. Diallo,Midfielder,35.11249767677426,2236,61.0,0.003409321087088389,0.21710907668559723,94.0,83.0
485406,Evanilson,Forward,21.51776538059822,1643,72.0,0.0033079759418375475,0.2525821978400989,108.0,88.0
551442,Pedro Porro,Defender,67.45071433622195,4455,92.0,0.0032451198766144176,0.214334409836689,54.0,50.0
777938,Dean Huijsen,Defender,33.37756662328155,2240,90.0,0.0032431128508094405,0.21764836447801303,55.0,49.0
580755,L. Delap,Forward,21.056440731083423,1517,74.0,0.0032259633236997667,0.23241280065098374,109.0,90.0
346131,T. Chalobah,Defender,15.16534470973219,1250,88.0,0.003180944973878394,0.2621886474361722,56.0,41.0
293686,J. Murphy,Midfielder,67.25950176645661,3780,30.0,0.0031079460684142464,0.17466730841091044,95.0,96.0
14911,Son Heung-Min,Forward,52.99735507403209,3600,92.0,0.003107794769265899,0.21110602885235719,110.0,97.0
653425,L. Bogarde,Midfielder,1.3691860642741867,112,79.0,0.0031046864007765094,0.2539646626269893,96.0,73.0
399599,A. Isak,Forward,55.37020271151371,3570,90.0,0.0031015693139105184,0.19997402769771885,111.0,101.0
447955,D. Spence,Defender,20.248615691210688,1225,-2.0,0.0030916507788776217,0.18703857398849383,57.0,57.0
302292,M. Ødegaard,Midfielder,84.4468893847748,5100,90.0,0.003071516232683852,0.1854980438096739,97.0,90.0
470819,C. Jones,Midfielder,37.91059813644598,3036,15.0,0.0030380089730204693,0.2432933188997375,98.0,78.0
327391,J. Bree,Defender,8.010207495993107,374,14.0,0.0029439236061217654,0.13745304715767973,58.0,71.0
470834,N. Williams,Defender,36.497576187629654,2100,90.0,0.0029084842685304126,0.16734856398447703,59.0,62.0
563725,Morato,Defender,3.1741814124294843,225,18.0,0.002907932483503783,0.2061270998016363,60.0,51.0
579007,K. McAteer,Forward,7.741892875038449,378,13.0,0.002891349161692631,0.14117089977357594,112.0,114.0
404748,T. Malacia,Defender,0.10306775976908643,6,46.0,0.0028413449841824395,0.16540642722117205,61.0,63.0
286831,D. Solanke,Forward,18.262401736718658,1053,90.0,0.0028285460835577028,0.16309240531039937,113.0,107.0
349099,O. Mangala,Midfielder,9.998199695811113,646,26.0,0.002824954325868946,0.18252490948704647,99.0,93.0
265673,Bernardo Silva,Midfielder,81.90828429242822,4587,90.0,0.002790017532279586,0.15624561704742626,100.0,107.0
263803,T. Castagne,Defender,17.88887298083104,1176,13.0,0.0027845905212940713,0.18305672227371927,62.0,59.0
326547,E. Buendía,Midfielder,1.0316330888690917,72,6.0,0.0027758105419405095,0.19373007823819186,101.0,87.0
120353,Mohamed Salah,Forward,125.92587115058294,7980,90.0,0.0027755903969062484,0.17589087266131118,114.0,105.0
427097,E. Haaland,Forward,27.272372658932184,1798,90.0,0.0027748789117771158,0.1829408957471543,115.0,103.0
512982,Matheus Cunha,Forward,63.05481464589017,3729,33.0,0.0027504101815772606,0.16265656516001026,116.0,108.0
361807,R. Bentancur,Midfielder,23.90308670664081,1872,78.0,0.002734419515970981,0.2141494693434531,102.0,84.0
367622,V. Janelt,Midfielder,36.61049556503881,2208,74.0,0.0027255216833924475,0.16437777702952938,103.0,102.0
476382,D. Szoboszlai,Midfielder,65.95975635477872,5688,90.0,0.0026898109833577264,0.2319542357167956,104.0,79.0
669602,N. Jackson,Forward,24.270967158211818,1890,67.0,0.0026531200781300898,0.2066006234930487,117.0,100.0
230020,A. Iwobi,Midfielder,114.41630858189092,6118,90.0,0.002649763614114894,0.14168656542132788,105.0,114.0
601998,T. Collyer,Midfielder,0.3428838627071276,30,44.0,0.0026487666055953728,0.23174901711759494,106.0,80.0
344100,Sergio Reguilón,Defender,0.5626578073266826,8,40.0,0.002633077747537946,0.03743771383958299,63.0,153.0
487034,E. Eze,Midfielder,54.58091746763769,3536,90.0,0.0026216472521154313,0.16984222899837936,107.0,100.0
404756,F. Kadıoğlu,Defender,1.3820070211336304,102,22.0,0.0026041569590986922,0.1922016355677998,64.0,56.0
425925,K. Havertz,Midfielder,19.235904725846392,1265,90.0,0.00259682155207921,0.17077331740816568,108.0,99.0
282877,S. Szmodics,Forward,4.270800796479433,200,16.0,0.0025919968863226325,0.12138224234009244,118.0,120.0
449472,M. Damsgaard,Midfielder,93.56504671278758,5548,16.0,0.0025792783336452455,0.1529399780987668,109.0,108.0
607944,P. Sarr,Midfielder,35.81730368558144,2052,78.0,0.0025381725838519334,0.14541379741437166,110.0,113.0
412968,M. Senesi,Defender,9.544992120148418,748,90.0,0.0025349057297026725,0.19864966486615765,65.0,54.0
474104,J. Strand Larsen,Forward,25.275069140352343,1575,84.0,0.0025048667873791247,0.15608919477982974,119.0,110.0
747910,W. Osula,Forward,1.2306541640738462,70,7.0,0.002455478853790271,0.13966841764572707,120.0,115.0
8460,A. Smith,Defender,13.177727482128192,900,63.0,0.0024512212998352074,0.16741119990860545,66.0,61.0
619987,P. Dorgu,Defender,8.506028858947401,432,90.0,0.0024484570988400687,0.12435103198436616,67.0,76.0
12829,J. Vardy,Forward,24.39053697996786,1470,71.0,0.0024417385298456254,0.14716181287115718,121.0,112.0
228946,M. Cornet,Forward,0.03414639623892025,2,26.0,0.002434305663925841,0.14258053159654993,122.0,113.0
491344,M. Rogers,Forward,71.04551419456129,4736,90.0,0.0024163457139301093,0.16107721129068908,123.0,109.0
604763,D. Udogie,Defender,22.784649531957353,1650,90.0,0.002406505086071898,0.17427230497661814,68.0,60.0
217031,T. Partey,Midfielder,69.73099271346275,4305,90.0,0.002387214056328419,0.14738004024585902,111.0,112.0
286368,Y. Wissa,Forward,40.06980607231089,1960,83.0,0.002377988885419995,0.11631846201132341,124.0,122.0
299699,J. Bowen,Forward,57.03657297202554,3570,74.0,0.0023768242450061725,0.1487688006576721,125.0,111.0
346101,T. Alexander-Arnold,Defender,79.83788756985467,5511,76.0,0.002340677055260952,0.1615707985792664,69.0,65.0
481911,A. Mac Allister,Midfielder,68.46423386404894,5460,90.0,0.002338562788742458,0.18649960871377952,112.0,89.0
255738,J. Lerma,Midfielder,30.863961560154777,2442,16.0,0.0023223641071731037,0.1837487108925844,113.0,92.0
488709,L. Thomas,Defender,5.012442779421134,224,90.0,0.002311870514920588,0.10331469467707662,70.0,84.0
422132,Lucas Paquetà,Midfielder,61.31398671673734,3729,74.0,0.002310696945763052,0.1405321913017652,114.0,115.0
692544,K. Mainoo,Midfielder,21.411942977016874,1400,84.0,0.0022970599207795964,0.15019112896682457,115.0,109.0
557406,A. Semenyo,Forward,76.16764402892821,4551,90.0,0.0022850220836148983,0.1365295675757261,126.0,116.0
454388,B. Mbeumo,Forward,97.47868394641297,5358,89.0,0.0022832277904209232,0.12549958622544036,127.0,119.0
397033,B. Soumaré,Midfielder,28.18580180922156,2170,19.0,0.002238533728988419,0.17234273570729505,116.0,98.0
496214,N. Domínguez,Midfielder,29.301171825063506,2346,36.0,0.002236987145894739,0.17910450392909102,117.0,95.0
501419,J. Todibo,Defender,8.81759509007209,1026,5.0,0.002208719642046669,0.2570027688492277,71.0,43.0
14808,İ. Gündoğan,Midfielder,69.40473766653578,4158,18.0,0.002195430336250047,0.13152703468151203,118.0,119.0
586894,I. Ndiaye,Forward,34.31036000073405,2640,28.0,0.002188318903228128,0.1683795187342441,128.0,106.0
551497,C. Palmer,Midfielder,97.74448505706728,6993,90.0,0.0021855424869008547,0.1563617487163039,119.0,106.0
540754,A. Onana,Midfielder,18.756852942511802,1404,90.0,0.0021460006811127807,0.16063382090358616,120.0,104.0
28292,A. Doucouré,Midfielder,36.72373991260318,2640,62.0,0.0020869300332453213,0.15002544133248394,121.0,110.0
541598,M. Kudus,Midfielder,47.43451898525101,3360,90.0,0.0020862331467534864,0.14777726269915964,122.0,111.0
9206,C. Wood,Forward,27.009065494111482,1728,73.0,0.0020603477104215524,0.13181799438357672,129.0,118.0
824988,H. Amass,Defender,0.6772172874694227,52,21.0,0.0020558381941036047,0.15785714285714283,72.0,66.0
454242,R. Yates,Midfielder,22.569267626632833,1820,76.0,0.002034155006223225,0.1640355448201402,123.0,103.0
359934,K. Phillips,Midfielder,7.643918359530198,456,71.0,0.002025778689968024,0.12084837110717044,124.0,127.0
600184,E. Fernández,Midfielder,89.47842849061882,6264,90.0,0.0019833226951221986,0.13884389312389378,125.0,116.0
403934,M. Munetsi,Midfielder,3.716248658616104,224,44.0,0.00197447438860914,0.11901309725952221,126.0,128.0
480781,J. Garner,Midfielder,13.769532881633497,861,64.0,0.0019521671654844025,0.12206775232905893,127.0,126.0
596942,K. Lewis-Potter,Forward,61.86033594929743,2850,16.0,0.0019382197819787018,0.08929674069612029,130.0,124.0
656947,O. Hutchinson,Midfielder,43.533200043840964,2821,90.0,0.0019368362454885697,0.12550915262422274,128.0,122.0
377071,Richarlison,Forward,1.8718444672509336,90,-2.0,0.001931541160964649,0.09287027182452018,131.0,123.0
8135,L. Shaw,Defender,1.4759937516915298,126,34.0,0.001910050727957337,0.16305380117416762,73.0,64.0
264303,R. Christie,Midfielder,37.31096827582347,3596,27.0,0.0019065815896193593,0.18375474325906915,129.0,91.0
413002,K. Mavropanos,Defender,15.63618470620093,1287,90.0,0.0018377597087272115,0.1512643134865209,74.0,67.0
8653,H. Maguire,Defender,13.82853555991115,999,81.0,0.0018333948460530888,0.13244796914842685,75.0,75.0
448645,M. Gibbs-White,Midfielder,68.29153988408231,4930,90.0,0.0018257489659321965,0.13180171976388114,130.0,118.0
40787,Emerson Palmieri,Defender,23.960071028584903,1240,90.0,0.0017912124718201488,0.09270020370169847,76.0,94.0
399559,M. Roerslev,Defender,10.925136838295321,703,90.0,0.0017753898632937564,0.11424104726273204,77.0,78.0
379209,D. Rice,Midfielder,66.8670642959846,4130,85.0,0.001751057484819865,0.1081529073909159,131.0,130.0
592655,L. Davis,Defender,41.47243948407787,2376,90.0,0.0017492640971214315,0.10021719354985598,78.0,86.0
25701,L. Digne,Defender,36.65313178043638,2304,74.0,0.0017444481474345158,0.10965525553901993,79.0,81.0
368225,T. Adams,Midfielder,24.645788850820576,1876,9.0,0.0017369017247499498,0.13221032020334042,132.0,117.0
387702,E. Anderson,Midfielder,55.288532267047295,3034,17.0,0.0017277679483863675,0.09481257216387656,133.0,137.0
222220,A. Robertson,Defender,58.7641787441861,4587,79.0,0.0017205459775804636,0.1343019602727351,80.0,73.0
285403,T. Souček,Midfielder,29.270338927192014,2135,90.0,0.001707488303901184,0.12454544984589797,134.0,124.0
518231,S. Tonali,Midfielder,51.62286722148398,3240,22.0,0.0017037343580300877,0.10693128098317202,135.0,132.0
243588,Bruno Fernandes,Midfielder,111.3335300679908,8208,90.0,0.0016975308914550706,0.1251494814594867,136.0,123.0
364003,S. Bueno,Defender,7.809307465789299,696,8.0,0.001693370219774027,0.1509206390100305,81.0,68.0
383569,A. Robinson,Defender,92.71446399310294,5004,90.0,0.0016622770901917158,0.08971668713889268,82.0,96.0
491413,D. Muñoz,Defender,61.19114488781466,3922,90.0,0.0016559559578533175,0.1061372405861625,83.0,82.0
525613,T. Livramento,Defender,52.71403646167349,3626,90.0,0.0016554558200589404,0.11387256993491775,84.0,79.0
240070,H. Winks,Midfielder,18.398255045150343,1408,90.0,0.0016216011441781899,0.12409950864360537,137.0,125.0
370937,Bruno Guimarães,Midfielder,96.27515300729615,6802,90.0,0.0016135582244043367,0.11400057750691428,138.0,129.0
604320,J. Branthwaite,Defender,17.384196599694125,720,90.0,0.0016017380159423335,0.06633906633906633,85.0,113.0
594120,J. O'Brien,Defender,8.303720706751937,460,26.0,0.0015905266446035902,0.08811017161532625,86.0,99.0
367922,S. Berge,Midfielder,27.23074166727199,2170,18.0,0.0015821047509465527,0.12607689322249585,139.0,121.0
7914,J. Evans,Defender,0.5256102218300591,91,9.0,0.0015715517028671265,0.2720860421301834,87.0,38.0
358801,P. Estupiñán,Defender,43.70021580123545,2190,18.0,0.0015670023444961326,0.07852902031549035,88.0,107.0
658308,Mateus Fernandes,Midfielder,52.080825572270136,3024,14.0,0.0015567126721790084,0.0903883352259258,140.0,140.0
491458,J. Timber,Defender,40.72642263410939,2520,21.0,0.0015421048711682396,0.09541973058270173,89.0,91.0
448210,E. Álvarez,Midfielder,22.06215567914163,1456,12.0,0.0015403435558193808,0.10165553402351284,141.0,133.0
298980,Joelinton,Forward,37.128873883065786,2929,90.0,0.001524651900862474,0.12027581099525249,132.0,121.0
421696,M. Cash,Defender,21.215099350973325,1566,82.0,0.0015140868760849721,0.1117628538393003,90.0,80.0
1712,K. Tete,Defender,16.840062986214686,1298,90.0,0.0015038523741688992,0.11591407842530893,91.0,77.0
532892,T. Mitchell,Defender,54.70891103554468,3441,90.0,0.0014891434481401832,0.09366193748073667,92.0,93.0
302518,L. Cook,Midfielder,51.4255003849157,4536,84.0,0.0014848540293216296,0.13097194634159615,142.0,120.0
648855,R. Edwards,Defender,0.0010669088180548444,0,13.0,0.001477258363460554,0.0,93.0,177.5
258154,Rúben Dias,Defender,49.04621883674948,2484,90.0,0.0014683379585050309,0.0743655999469953,94.0,109.0
386292,A. Disasi,Defender,4.174019042443094,247,61.0,0.0014372594854474333,0.08505066443054109,95.0,103.0
7939,A. Young,Defender,29.504211803582322,1792,90.0,0.001425219250679234,0.08656367145883519,96.0,101.0
263802,Y. Tielemans,Midfielder,80.08744312742053,5616,90.0,0.0014235823946567702,0.09982636998002913,143.0,135.0
504613,F. Downes,Midfielder,22.740471721658956,1404,90.0,0.0014109990835020725,0.08711528667851176,144.0,143.0
719786,C. Baleba,Midfielder,42.62546461626432,3094,17.0,0.0013887393676623447,0.10080264560700669,145.0,134.0
344040,Marc Cucurella,Defender,55.975258890799104,4068,80.0,0.0013869932483937368,0.10079968625912275,97.0,85.0
7919,M. Keane,Defender,1.4058284735382707,98,90.0,0.0013799682466691823,0.09619728915662651,98.0,90.0
25706,I. Gueye,Midfielder,48.05957264965213,3737,90.0,0.0013798811627601668,0.10729633288306129,146.0,131.0
406073,V. Mykolenko,Defender,46.131428636212526,2765,90.0,0.0013695797834950671,0.0820891139363329,99.0,105.0
47,J. Veltman,Defender,15.912119696344991,924,90.0,0.0013613793673606417,0.07905386330962402,100.0,106.0
534563,C. Richards,Defender,7.902391818728767,792,84.0,0.0013486680023491993,0.1351673116649378,101.0,72.0
412034,J. Justin,Defender,38.40398570888035,1692,90.0,0.0013299313590848195,0.05859401877267076,102.0,119.0
656446,M. Kerkez,Defender,69.32239666227939,4750,90.0,0.001319826713692782,0.09043508580037281,103.0,95.0
11270,Sam Morsy,Midfielder,41.33864051749063,3003,90.0,0.0013039354356573453,0.09472295325295575,147.0,138.0
369589,Diogo Dalot,Defender,50.93898795447885,3267,90.0,0.0012968320614967178,0.08317303729504619,104.0,104.0
769441,L. Yoro,Defender,6.720223626520727,504,31.0,0.0012907173099530496,0.09680057694049277,105.0,89.0
707333,V. Kristiansen,Defender,30.625912461963416,1680,90.0,0.0012785688654377235,0.07013654520834703,106.0,111.0
621113,L. Hall,Defender,32.250277515182596,2619,70.0,0.0012746265405918806,0.10351064136544486,107.0,83.0
565016,R. Aït-Nouri,Defender,58.79720773308377,3959,84.0,0.0012661288981437053,0.08525242100791902,108.0,102.0
237269,S. Lukić,Midfielder,32.46830455401137,2040,91.0,0.0012620546573567882,0.07929553256237903,148.0,144.0
486252,A. Wan-Bissaka,Defender,62.97778345915557,4428,27.0,0.0012606520177842763,0.088637084828003,109.0,98.0
222770,Nélson Semedo,Defender,41.16216404626715,2924,75.0,0.0012388345770318388,0.08800198889372034,110.0,100.0
12379,B. Godfrey,Defender,0.10355070659055327,12,64.0,0.0012375200498905001,0.1434103260869565,111.0,69.0
621262,Y. Yarmoliuk,Midfielder,21.962887906996006,1085,6.0,0.0012143262920370093,0.059989562048462106,149.0,150.0
460321,J. Taylor,Midfielder,12.754110686214231,800,25.0,0.0012023617403921273,0.07541799000955798,150.0,145.0
933026,A. Heaven,Defender,0.14218059617014617,32,44.0,0.0011868183119483292,0.2671122994652406,112.0,40.0
240378,O. Aina,Defender,39.015657279188524,2940,54.0,0.0011865424513153432,0.08941115055180392,113.0,97.0
29640,M. Lemina,Midfielder,8.506666932527054,629,90.0,0.0011842807581967884,0.08756809251076328,151.0,141.0
535824,R. Gravenberch,Midfielder,74.33422331844618,6142,90.0,0.0011786340128533762,0.09738677265696302,152.0,136.0
598178,João Gomes,Midfielder,56.78597131990893,3636,84.0,0.0011703613805758857,0.07493812082214013,153.0,147.0
732998,J. Hinshelwood,Midfielder,24.557986077770455,1586,90.0,0.0011607656932160365,0.07496438769900021,154.0,146.0
568412,J. Gvardiol,Defender,99.88203897491768,5513,90.0,0.0011485346743878818,0.06339349621697699,114.0,114.0
7953,C. Coady,Defender,8.252990477725323,726,7.0,0.0011361392891493084,0.0999440295185871,115.0,87.0
743352,A. Dorrington,Defender,0.002617501053766783,0,13.0,0.0011325725713413966,0.0,116.0,177.5
807014,D. Gómez,Midfielder,5.745809238485362,272,-4.0,0.0011144380438287754,0.05275621506733723,155.0,151.0
56262,C. Nørgaard,Midfielder,45.24925119328724,2686,90.0,0.0011110066302788709,0.0659494628139117,156.0,148.0
614501,M. Caicedo,Midfielder,82.10015447428897,6802,90.0,0.0010969237482609537,0.0908801619612985,157.0,139.0
265366,W. Ndidi,Midfielder,25.367478679311084,1568,90.0,0.0010632622309827784,0.06572175340155931,158.0,149.0
402884,K. Walker-Peters,Defender,49.65661849903983,2838,80.0,0.0010395868748409639,0.05941499119308141,117.0,118.0
297957,M. Akanji,Defender,41.32644994148017,2834,90.0,0.0010196964980067349,0.0699266421249147,118.0,112.0
532749,B. Badiashile,Defender,0.8119900383806017,80,37.0,0.0009870706972017163,0.09724953760962762,119.0,88.0
590781,J. van Hecke,Defender,51.303845232853966,4046,90.0,0.0009682477108626224,0.07635938827527612,120.0,108.0
415847,C. Romero,Defender,13.125743803916013,828,90.0,0.000957958584622695,0.06043007694778763,121.0,116.0
586585,M. Gusto,Defender,46.29506742985261,3008,90.0,0.0009547605765560794,0.06203511461846963,122.0,115.0
415917,Gabriel Magalhaes,Defender,31.859927090157143,1764,90.0,0.0009176839407369654,0.05080973559290159,123.0,129.0
62126,M. Doherty,Defender,24.15809741286881,1890,90.0,0.0009035743266516271,0.07069081013233552,124.0,110.0
595249,André,Midfielder,29.331407051834557,2871,4.0,0.0008913100113948235,0.08724269647863643,159.0,142.0
545267,R. Drăgușin,Defender,5.386825139640328,336,90.0,0.0007846785757848931,0.04894385739822396,125.0,132.0
549884,T. Harwood-Bellis,Defender,38.353283827611456,2176,90.0,0.0007730894560633023,0.0438617632835564,126.0,143.0
9380,J. Stones,Defender,3.5049377796542958,187,40.0,0.0007559594720480649,0.040332933181750054,127.0,148.0
365443,M. de Ligt,Defender,13.336960544134028,986,9.0,0.000740007235286583,0.05470865206341862,128.0,125.0
400549,Pau Torres,Defender,16.495000653550797,792,90.0,0.000732847247135179,0.0351873292958081,129.0,158.0
520300,N. Wood,Defender,1.7266992051320924,143,90.0,0.0007267873613195312,0.060190328668589546,130.0,117.0
798323,R. Dixon,Defender,0.010640156963248118,2,90.0,0.0007093437975498745,0.13333333333333333,131.0,74.0
558243,S. van den Berg,Defender,17.959281543168174,1240,15.0,0.0006994758532888402,0.04829536504527417,132.0,133.0
393247,I. Konaté,Defender,32.46514025863321,2604,43.0,0.0006834727636718512,0.05482074195346257,133.0,123.0
9097,L. Dunk,Defender,22.810279588338027,1550,76.0,0.0006784098839306143,0.046099185940274914,134.0,140.0
397074,M. Guéhi,Defender,35.77490124435349,2890,90.0,0.0006770932932915718,0.0546975546975547,135.0,126.0
285382,W. Faes,Defender,23.097700236063993,1666,90.0,0.0006694845109730642,0.04828884191421085,136.0,134.0
239411,T. Mings,Defender,4.711551245688263,672,90.0,0.0006686165851637978,0.09536356961865898,137.0,92.0
627012,Murillo,Defender,29.258359052611784,1800,90.0,0.000665859317225091,0.040964251236713635,138.0,146.0
50102,F. Schär,Defender,38.12996966090582,2754,90.0,0.0006413566812291482,0.04632304499093361,139.0,139.0
9433,J. Tarkowski,Defender,22.67930365278037,1716,90.0,0.0006214296279492198,0.04701966417871605,140.0,137.0
447228,E. Smith Rowe,Midfielder,44.547963188369614,3230,64.0,0.0006146846181611236,0.044568397173740525,160.0,152.0
370,V. van Dijk,Defender,57.416246904273635,4255,90.0,0.0006104604472353503,0.04523996852871755,141.0,141.0
653730,A. Khusanov,Defender,1.1769254174622268,78,54.0,0.0006004108853495698,0.03979185797367616,142.0,149.0
412027,E. Konsa,Defender,24.257643013735027,2244,90.0,0.0005946994422225511,0.055013817607579944,143.0,121.0
136441,B. Davies,Defender,6.112958459552363,442,29.0,0.0005865945007900619,0.04241395897988703,144.0,144.0
590703,I. Zabarnyi,Defender,32.16132582644687,2628,90.0,0.0005816653791045211,0.04752965174805296,145.0,136.0
488453,L. Martínez,Defender,13.944973731311034,1120,90.0,0.0005807402329996417,0.04664254472557179,146.0,138.0
688446,Chadi Riad,Defender,0.04283939264049794,1,90.0,0.0005789107113580803,0.013513513513513514,147.0,170.0
145787,J. Andersen,Defender,32.51912316044302,2040,90.0,0.0005759674665328201,0.036131774707757705,148.0,154.0
590874,Toti,Defender,22.22329717413782,2201,90.0,0.0005611077267510186,0.05557222660983946,149.0,120.0
578325,W. Saliba,Defender,46.036315679917344,2905,90.0,0.0005581757289417162,0.035222203789063,150.0,157.0
625787,M. van de Ven,Defender,3.9624183202833283,390,90.0,0.0005577424346633827,0.0548956551117414,151.0,122.0
557788,W. Fofana,Defender,5.211287893801832,504,90.0,0.0005569561761747952,0.05386497896728387,152.0,127.0
50798,R. Olsen,Goalkeeper,0.07065352062541268,4,39.0,0.0005555330892244355,0.03145112001819319,2.0,3.0
15806,J. Vestergaard,Defender,6.7023223288858675,666,90.0,0.0005505977521787177,0.05471209604029631,153.0,124.0
619747,L. Colwill,Defender,43.92352385506585,3955,90.0,0.0005470336742034449,0.04925648016342156,154.0,131.0
270866,Diego Carlos,Defender,2.4944592001758767,220,90.0,0.0005446194274129555,0.0480329660322375,155.0,135.0
479155,N. Collins,Defender,36.40120826131633,2242,90.0,0.0005430422523767205,0.03344671201814059,156.0,161.0
288080,C. Burgess,Defender,5.988251093517879,360,90.0,0.0005429319571111701,0.03263983114729383,157.0,163.0
399581,D. O'Shea,Defender,25.02976225241016,1400,90.0,0.0005402185317086044,0.0302162656107219,158.0,164.0
447424,C. Bassey,Defender,31.571075536626044,2065,90.0,0.0005343269418772622,0.03494924123495552,159.0,159.0
424241,N. Milenković,Defender,18.80021702853208,1443,90.0,0.0005320565170095396,0.040837696335078534,160.0,147.0
37897,M. Sels,Goalkeeper,9.865336723376142,380,90.0,0.0005080511238735267,0.019569471624266144,3.0,25.0
240032,J. Bednarek,Defender,16.775399725039684,1200,80.0,0.0005002578604903544,0.03578510452376151,161.0,155.0
71703,V. Lindelöf,Defender,2.6163379695083817,272,44.0,0.00048596608021236393,0.050522056155688715,162.0,130.0
475597,S. Botman,Defender,0.8270576538951531,64,87.0,0.00048518910913310465,0.03754527007672817,163.0,152.0
620468,J. Greaves,Defender,10.736950789831115,775,90.0,0.0004698737982520127,0.03391579236725157,164.0,160.0
366217,K. Danso,Defender,2.135354813474485,180,78.0,0.00046616921356335114,0.03929579192737087,165.0,150.0
645877,Y. Mosquera,Defender,0.47738750692727916,45,90.0,0.0004657439091973456,0.04390243902439024,166.0,142.0
424806,E. Pinnock,Defender,8.25580543711073,638,90.0,0.00046207659891813445,0.03570879575051397,167.0,156.0
623641,E. Agbadou,Defender,6.432225167780668,736,90.0,0.00045690856873034874,0.052281239821952014,168.0,128.0
504375,M. Lacroix,Defender,20.748461724736817,1890,90.0,0.0004537697090042303,0.04133437752619098,169.0,145.0
518805,L. Woolfenden,Defender,2.4807907890727936,135,90.0,0.0004535413217215398,0.02468087139878979,170.0,167.0
496001,M. Kilman,Defender,26.374242940757554,2318,90.0,0.0004333776955807212,0.03808903636068718,171.0,151.0
762994,T. Fredricson,Defender,0.08778833185999416,6,90.0,0.0004327228872673856,0.029574970484061398,172.0,165.0
283145,T. Adarabioyo,Defender,12.003824583064368,968,29.0,0.00041411172885751573,0.033394369499503515,173.0,162.0
192792,D. Burn,Defender,26.61453511523126,1850,90.0,0.00040501788281031257,0.028153153153153154,174.0,166.0
11051,J. Grealish,Forward,20.315557032005586,1140,18.0,0.00037233309550561874,0.020893334512447858,133.0,125.0
10131,J. Pickford,Goalkeeper,13.954704302884547,722,90.0,0.00035932393405305765,0.018590998043052837,4.0,29.0
283147,D. Henderson,Goalkeeper,9.149338460988744,760,90.0,0.00033863862835845527,0.02812939521800281,5.0,5.0
656601,L. Ugochukwu,Midfielder,16.301364413637362,1196,64.0,0.00033212704986392596,0.02436752786809346,161.0,153.0
521457,A. Bella-Kotchap,Defender,0.22634739094297526,8,78.0,0.0003051170964373471,0.010784028750363344,175.0,171.0
20922,Neto,Goalkeeper,0.02077929646869953,0,90.0,0.00028860133984304903,0.0,6.0,40.0
136509,D. Ward,Goalkeeper,0.011636397140140874,0,42.0,0.00028571510835167325,0.0,7.0,40.0
504579,H. Valdimarsson,Goalkeeper,0.01954314886530888,4,54.0,0.00027720778532353024,0.056737588652482275,8.0,1.0
433506,A. Ramsdale,Goalkeeper,6.574853995087437,180,90.0,0.00027637049159678174,0.007566204287515763,9.0,35.0
297621,David Raya,Goalkeeper,10.006413715611135,760,90.0,0.0002527127415802388,0.019193857965451054,10.0,27.0
7847,Ł. Fabiański,Goalkeeper,0.8974997064473054,98,44.0,0.0002517041934636702,0.02748414376321353,11.0,7.0
9956,D. Bentley,Goalkeeper,0.017423320986859614,0,90.0,0.0002489045855265659,0.0,12.0,40.0
10153,S. Johnstone,Goalkeeper,0.35201146712703973,28,90.0,0.0002429340697909177,0.01932367149758454,13.0,26.0
399584,M. Travers,Goalkeeper,0.09711789226501931,10,90.0,0.00024279473066254827,0.025,14.0,14.0
227085,José Sá,Goalkeeper,4.143727967422382,348,90.0,0.0002345369899058311,0.019696966868701198,15.0,24.0
476345,M. Hermansen,Goalkeeper,4.274765057453185,405,90.0,0.00023021904591763272,0.021811424100156494,16.0,20.0
381290,A. Palmer,Goalkeeper,0.6913377455065558,65,90.0,0.00021530294160901768,0.020242914979757085,17.0,22.0
3397,Kepa Arrizabalaga,Goalkeeper,4.105990826586101,496,90.0,0.00021057443082138065,0.025437201907790145,18.0,12.0
583655,C. Okoli,Defender,4.703440675129406,361,92.0,0.00020873357704737533,0.016020787019287594,176.0,169.0
369314,A. Bayındır,Goalkeeper,0.08829152474621452,0,90.0,0.00020628860922012736,0.0,19.0,40.0
543873,E. Cashin,Defender,0.04612544726866882,4,18.0,0.0002059171753065571,0.017857142857142856,177.0,168.0
448687,Robert Sánchez,Goalkeeper,6.157653198160437,768,90.0,0.0002006534540589298,0.02502606882168926,20.0,13.0
535808,J. Stolarczyk,Goalkeeper,0.4530699184160542,50,90.0,0.00019036551193951857,0.02100840336134454,21.0,21.0
219526,M. Flekken,Goalkeeper,8.052696062283912,814,90.0,0.00018887714341810934,0.01909248698239524,22.0,28.0
9022,C. Walton,Goalkeeper,0.2062777556139902,14,90.0,0.00018650791646834556,0.012658227848101266,23.0,33.0
447773,B. Austin,Goalkeeper,0.004458654783027944,0,90.0,0.00018577728262616434,0.0,24.0,40.0
344038,A. Onana,Goalkeeper,5.874468995401673,578,90.0,0.00018110953864230095,0.01781970649895178,25.0,31.0
622482,B. Verbruggen,Goalkeeper,6.526251370994347,1044,90.0,0.00017669079951793226,0.028265107212475632,26.0,4.0
25418,A. Aréola,Goalkeeper,2.6778336272945404,390,90.0,0.0001764895562276583,0.025703959434674722,27.0,11.0
300114,J. Lumley,Goalkeeper,0.05923988414801008,3,90.0,0.00016734430550285334,0.00847457627118644,28.0,34.0
7848,E. Martínez,Goalkeeper,5.949734956176793,814,90.0,0.000166617999353158,0.022795477861189035,29.0,18.0
8580,A. McCarthy,Goalkeeper,0.0954816675959455,0,90.0,0.0001660550740799052,0.0,30.0,40.0
447213,A. Murić,Goalkeeper,1.1099609186452504,126,90.0,0.00016016752072803037,0.01818181818181818,31.0,30.0
345829,C. Kelleher,Goalkeeper,0.4894081825956077,80,90.0,0.00015941634612234778,0.026058631921824105,32.0,10.0
15146,S. Ortega,Goalkeeper,0.5382120509429401,78,90.0,0.00015910924871115147,0.023058795093359116,33.0,16.0
546441,A. Kinský,Goalkeeper,0.1320156421586347,30,90.0,0.00015279588212804943,0.034722222222222224,34.0,2.0
71654,Ederson,Goalkeeper,2.721274316683309,364,90.0,0.0001474779046735523,0.019726771745158213,35.0,23.0
214220,Alisson,Goalkeeper,2.970983584645055,532,90.0,0.00014700723666105238,0.026323891625615763,36.0,9.0
12242,N. Pope,Goalkeeper,1.6024956186884671,280,90.0,0.00013278883151213682,0.02320185614849188,37.0,15.0
14768,B. Leno,Goalkeeper,4.755999730429043,1064,90.0,0.00012318689728628893,0.027559055118110236,38.0,6.0
578847,F. Jörgensen,Goalkeeper,0.10508252176904533,12,90.0,0.00011299195889144658,0.012903225806451613,39.0,32.0
326998,G. Vicario,Goalkeeper,1.5229194192141602,360,90.0,9.673014603748476e-05,0.022865853658536585,40.0,17.0
104851,M. Dúbravka,Goalkeeper,0.15229034145660594,10,90.0,7.25192102174314e-05,0.004761904761904762,41.0,36.0
61941,F. Forster,Goalkeeper,0.05605652952304804,21,90.0,7.214482564098847e-05,0.02702702702702703,42.0,8.0
8156,J. Steele,Goalkeeper,0.008776535943711994,4,90.0,4.98666814983636e-05,0.022727272727272728,43.0,19.0
8360,C. Dawson,Defender,3.321139659823079,330,6.0,3.8629406389522266e-05,0.0038383523170541323,178.0,172.0
386020,G. Edmundson,Defender,0.0,0,1.0,0.0,0.0,179.0,177.5
397163,A. Tuanzebe,Defender,9.48715760502804,682,74.0,-0.00018125248302562177,-0.01302963422447631,180.0,183.0
8136,J. Stephens,Defender,9.990092587306036,684,90.0,-0.0005587403724487482,-0.03825574301889463,181.0,184.0
337003,J. Aribo,Midfielder,29.655562590090415,1696,71.0,-0.0008450449180674738,-0.04832807257284495,162.0,164.0
349142,N. Mazraoui,Defender,43.090020849691946,3145,81.0,-0.0008933095429516329,-0.06519974827542861,182.0,185.0
631619,C. Bradley,Defender,9.256061464298098,627,14.0,-0.0010030181599751304,-0.06794384293256171,183.0,186.0
847422,R. Esse,Midfielder,0.5138913090483981,42,8.0,-0.0010675825704449424,-0.08725282402949676,163.0,165.0
293687,D. Calvert-Lewin,Forward,11.23193624947133,572,76.0,-0.0013602079168056442,-0.06927024077878378,134.0,136.0
658798,R. Lewis,Defender,39.998895572515245,2016,90.0,-0.0014456114281979461,-0.07286082771869386,184.0,187.0
245996,P. Onuachu,Forward,7.366273303674914,400,16.0,-0.0016012167937160984,-0.08694854115267633,135.0,137.0
633277,B. El Khannouss,Midfielder,41.0492839247201,2720,22.0,-0.001601517980109686,-0.10611948588158107,164.0,166.0
732238,A. Scott,Midfielder,7.696294705984206,580,63.0,-0.0019504217044706356,-0.14698561214312345,165.0,167.0
693147,A. Pond,Defender,0.0001621143803957473,0,-7.0,-0.0020843277479453224,0.0,185.0,177.5
911027,Vitor Reis,Defender,7.032573967041331e-05,0,-1.0,-0.0021097721901123996,0.0,186.0,177.5
25486,W. Boly,Defender,0.09731410771077119,0,90.0,-0.0021631902474044847,0.0,187.0,177.5
234399,A. Webster,Defender,5.794820597561332,378,14.0,-0.0026856896493611627,-0.17518932128558876,188.0,188.0
508021,Jorge Cuenca,Defender,0.4323812445373732,48,-2.0,-0.0028457177263117306,-0.31591206276560974,189.0,189.0
961676,Y. Konak,Midfielder,0.20962174975379086,0,11.0,-0.003285066269679141,0.0,166.0,158.5
25571,J. Ayew,Forward,21.022007338538742,1116,20.0,-0.0035860677588837055,-0.190374380260891,136.0,139.0
488711,B. Brereton Díaz,Forward,3.144001585183602,100,71.0,-0.0038259565326220226,-0.12169066805348307,137.0,138.0
644809,Matheus França,Midfielder,0.17407926881696867,8,15.0,-0.0070518222321688685,-0.3240740740740741,167.0,168.0
8319,J. Milner,Midfielder,0.3312674374660116,24,82.0,-0.007121448787824074,-0.5159419598109876,168.0,171.0
635038,H. Elliott,Midfielder,7.178564602260953,522,7.0,-0.007418166161016511,-0.5394229836464812,169.0,172.0
504249,Jota Silva,Forward,12.859197547860955,620,-2.0,-0.0078324823081125,-0.37763935214118705,138.0,140.0
584520,Nico González,Midfielder,7.15140401945653,341,90.0,-0.007872062233345224,-0.37536310551990326,170.0,169.0
661732,Savinho,Forward,58.67446402274942,2929,46.0,-0.009940317761427802,-0.49621570828381845,139.0,141.0
8240,S. Coleman,Defender,0.29894064902330375,20,90.0,-0.011561869306259253,-0.7735227272727273,190.0,191.0
447408,K. Dewsbury-Hall,Midfielder,2.212026835982652,78,23.0,-0.013702539791674354,-0.48317592099908047,171.0,170.0
776857,T. George,Forward,0.8979459438343407,56,6.0,-0.013985488036974863,-0.8721987503237503,140.0,142.0
835236,Gustavo Nunes,Forward,0.003398215878940891,0,-1.0,-0.016165124146350764,0.0,141.0,130.5
653894,Kim Ji-Soo,Defender,0.05416903496430553,3,13.0,-0.01784266043202963,-0.9881656804733728,191.0,193.0
284992,H. Toffolo,Defender,0.16921741229504442,8,36.0,-0.018508154469770485,-0.875,192.0,192.0
503347,W. Coulibaly,Defender,0.24924377772493586,4,-1.0,-0.029070040202802173,-0.46653185035389283,193.0,190.0
911156,Pedro Lima,Defender,0.22210621390139718,9,60.0,-0.02935886735478238,-1.1896551724137931,194.0,194.0
724763,Z. Silcott-Duberry,Midfielder,0.0013587602471828214,0,-2.0,-0.03057210556161348,0.0,172.0,158.5
619725,O. Bobb,Forward,0.0760021702925721,3,5.0,-0.036643903533918686,-1.4464285714285714,142.0,143.0
956089,B. Winterburn,Midfielder,0.05613501898314505,4,9.0,-0.04197596285569998,-2.9910714285714284,173.0,173.0
827867,W. Lankshear,Forward,0.001792737561132978,0,-1.0,-0.161346380501968,0.0,143.0,130.5
